Source;Target;Weight;In index
Knudsen Jakob;Leo Tolstoy;1;1
Sela Kamilo Hose;Leo Tolstoy;1;1
Gibalin Boris Dmitrievich;Leo Tolstoy;1;1
Tsinger Vasilij Jakovlevich;Leo Tolstoy;1;10
Leo Tolstoy;Lakshin Vladimir Jakovlevich;1;1
Alexander Drankov;Leo Tolstoy;1;10
Kol'tsov Viktor Grigor'evich;Leo Tolstoy;1;1
Shmidt Petr Petrovich;Leo Tolstoy;1;1
Sobolevskij Sergej Aleksandrovich;Leo Tolstoy;1;10
Leo Tolstoy;Lobachevskij Nikolaj Ivanovich;1;10
Bobylev Ivan Timofeevich;Leo Tolstoy;1;1
Titov Anatolij Grigor'evich;Leo Tolstoy;1;1
Trubetskoj Pavel Petrovich;Leo Tolstoy;1;10
Buturlin Sergej Aleksandrovich;Leo Tolstoy;1;10
Vysotskij Konstantin Nikolaevich;Leo Tolstoy;1;1
Roschin-Insarov Nikolaj Petrovich;Leo Tolstoy;1;10
Suhotin Mihail Sergeevich;Leo Tolstoy;1;10
Tolstoj Viktorija;Leo Tolstoy;1;1
Syzdykov Zhakan;Leo Tolstoy;1;1
Svjatopolk-Mirskij Dmitrij Ivanovich;Leo Tolstoy;1;10
Aronson Naum;Leo Tolstoy;1;10
Leo Tolstoy;Moriak Fransua;1;1
Leo Tolstoy;Adamovich Georgij Viktorovich;1;10
Berlin Isajja;Leo Tolstoy;1;10
Burkov Georgij Ivanovich;Leo Tolstoy;1;1
Shutova Livija Vasil'evna;Leo Tolstoy;1;1
Rintala Paavo;Leo Tolstoy;1;1
Velichko Vasilij L'vovich;Leo Tolstoy;1;10
Leo Tolstoy;Tolstoj Lev L'vovich;1;10
Balashov Aleksandr Dmitrievich;Leo Tolstoy;1;10
Tolstoj Il'ja L'vovich;Leo Tolstoy;1;10
Allen Dzhejms;Leo Tolstoy;1;1
Abdullin Hizmet;Leo Tolstoy;1;1
Kartasheva Irina Pavlovna;Leo Tolstoy;1;1
Morozova Margarita Kirillovna;Leo Tolstoy;1;1
Tolstaja Fekla;Leo Tolstoy;1;1
Gromeka Mihail Stepanovich;Leo Tolstoy;1;10
Rozovskij Mark Grigor'evich;Leo Tolstoy;1;1
Kamenkova-Pavlova Anna Semenovna;Leo Tolstoy;1;1
Novozhilov Gennadij Dmitrievich;Leo Tolstoy;1;1
Nakorjakov Nikolaj Nikandrovich;Leo Tolstoy;1;1
Mishkinis Motejus;Leo Tolstoy;1;1
Suhotin Aleksej Mihajlovich;Leo Tolstoy;1;1
Burenkov Evgenij Dmitrievich;Leo Tolstoy;1;1
Djupor Lui-Antuan;Leo Tolstoy;1;1
Tal'vi Ajno;Leo Tolstoy;1;1
Marin Sergej Nikiforovich;Leo Tolstoy;1;1
Dalgat Bashir Kerimovich;Leo Tolstoy;1;1
Andreeva Marija Andreevna;Leo Tolstoy;1;1
Lopatin German Aleksandrovich;Leo Tolstoy;1;10
Pankova Tat'jana Petrovna;Leo Tolstoy;2;1
Shpir Afrikan Aleksandrovich;Leo Tolstoy;1;10
Jashvil' Lev Vladimirovich;Leo Tolstoy;1;10
Tolstoj Nikolaj Il'ich;Leo Tolstoy;1;10
Pol' Vladimir Ivanovich;Leo Tolstoy;1;10
Aleksandrov Nikolaj Grigor'evich;Leo Tolstoy;1;1
Chernyshev Aleksandr Ivanovich;Leo Tolstoy;1;10
Verigin Petr Vasil'evich;Leo Tolstoy;1;10
Sibirjakov Konstantin Mihajlovich;Leo Tolstoy;1;10
Leo Tolstoy;Tolstoj Nikolaj Il'ich;1;10
Vasil'eva Tat'jana Grigor'evna;Leo Tolstoy;1;1
Kandaurov Anton Ivanovich;Leo Tolstoy;1;10
Belokurov Vladimir Vjacheslavovich;Leo Tolstoy;1;1
Barnet Ol'ga Borisovna;Leo Tolstoy;1;1
Kalisanov Vladimir Vilenovich;Leo Tolstoy;1;1
Shestov Lev Isaakovich;Leo Tolstoy;1;10
Leo Tolstoy;Vengerov Semen Afanas'evich;1;10
Gadzhiev Zagid Gadzhievich;Leo Tolstoy;1;1
Merezhkovskij Dmitrij Sergeevich;Leo Tolstoy;1;10
Leo Tolstoy;Krasnov Platon Nikolaevich;1;1
Grinevskaja Izabella Arkad'evna;Leo Tolstoy;1;10
Stahovich Mihail Aleksandrovich;Leo Tolstoy;1;10
Ormanov Gali;Leo Tolstoy;1;1
Uspenskij Gleb Ivanovich;Leo Tolstoy;1;10
Kulakovskij Julian Andreevich;Leo Tolstoy;1;1
Klimchuk Fedor Danilovich;Leo Tolstoy;1;1
Elpat'evskij Sergej Jakovlevich;Leo Tolstoy;1;10
Sergeenko Petr Alekseevich;Leo Tolstoy;1;10
Veselitskaja Lidija Ivanovna;Leo Tolstoy;1;10
Spesivtseva Ol'ga Aleksandrovna;Leo Tolstoy;1;1
Jakovlev Nikolaj Kapitonovich;Leo Tolstoy;1;1
Rerih Nikolaj Konstantinovich;Leo Tolstoy;1;1
Ejfman Boris Jakovlevich;Leo Tolstoy;1;1
Hans-Jürgen Syberberg;Leo Tolstoy;1;1
Bunina Irina Alekseevna;Leo Tolstoy;1;1
Redstok Grenvil' Val'digrev;Leo Tolstoy;1;10
Rudolf Steiner;Leo Tolstoy;1;1
Leo Tolstoy;Strindberg Juhan Avgust;1;10
Serov Vladimir Aleksandrovich;Leo Tolstoy;1;1
Zhitova Varvara Nikolaevna;Leo Tolstoy;1;1
Sidorova Glafira Petrovna;Leo Tolstoy;1;1
Morozov Stepan Jur'evich;Leo Tolstoy;1;1
Leo Tolstoy;Aleksandr Pushkin;1;1
Belova Zoja Vasil'evna;Leo Tolstoy;1;1
Bukanova Galina Vasil'evna;Leo Tolstoy;1;1
Gerchakov Evgenij Arkad'evich;Leo Tolstoy;1;1
Simonov Evgenij Rubenovich;Leo Tolstoy;1;1
Kachalov Vasilij Ivanovich;Leo Tolstoy;1;1
Leo Tolstoy;Druzhinin Aleksandr Vasil'evich;1;10
Martynov Aleksandr Evstaf'evich;Leo Tolstoy;1;10
Udalov Jurij Fedorovich;Leo Tolstoy;1;1
Zhirkevich Aleksandr Vladimirovich;Leo Tolstoy;1;10
Troshin Vladimir Konstantinovich;Leo Tolstoy;1;1
Ignatova Marina Oktjabr'evna;Leo Tolstoy;1;1
Kramskoj Ivan Nikolaevich;Leo Tolstoy;1;10
Toporov Adrian Mitrofanovich;Leo Tolstoy;1;1
Emma Goldman;Leo Tolstoy;1;1
Marchenko Julija Gennad'evna;Leo Tolstoy;1;1
Meklin Natal'ja Fedorovna;Leo Tolstoy;1;1
Avilova Lidija Alekseevna;Leo Tolstoy;1;10
Lazarev Vladimir Jakovlevich;Leo Tolstoy;1;1
Vil'jams Garol'd;Leo Tolstoy;1;10
Leo Tolstoy;Minor Solomon Alekseevich;1;10
Zanet Fedor Ivanovich;Leo Tolstoy;1;1
Leo Tolstoy;Ivan Turgenev;1;10
Lou Dzhud;Leo Tolstoy;1;1
Leo Tolstoy;Zen'kovskij Vasilij Vasil'evich;1;1
Tolstoj Petr Olegovich;Leo Tolstoy;1;1
Houells Uil'jam Din;Leo Tolstoy;1;10
Slavutinskij Stepan Timofeevich;Leo Tolstoy;1;1
Lipov Aleksandr Aleksandrovich;Leo Tolstoy;1;1
Esenina-Tolstaja Sof'ja Andreevna;Leo Tolstoy;1;1
Ramiev Sagit Lutfullovich;Leo Tolstoy;1;1
Kaledin Sergej Evgen'evich;Leo Tolstoy;1;1
Brisso Eduard;Leo Tolstoy;1;10
Vatagin Vasilij Alekseevich;Leo Tolstoy;1;1
Asmus Valentin Ferdinandovich;Leo Tolstoy;1;1
Gartung Marija Aleksandrovna;Leo Tolstoy;1;10
Baumann Hans;Leo Tolstoy;1;1
Guchkov Nikolaj Ivanovich;Leo Tolstoy;1;1
Leo Tolstoy;Strahov Nikolaj Nikolaevich;1;10
Tumas Juozas;Leo Tolstoy;1;1
Chejshvili Aleksandr Nikolaevich;Leo Tolstoy;1;1
Stepnjak-Kravchinskij Sergej Mihajlovich;Leo Tolstoy;1;10
Tolstaja Tat'jana;Leo Tolstoy;1;10
Nerman Ture;Leo Tolstoy;1;1
Shanks Emilija Jakovlevna;Leo Tolstoy;1;1
Salias-de-Turnemir Evgenij Andreevich;Leo Tolstoy;1;10
Tsurkanu Jurij Mihajlovich;Leo Tolstoy;1;1
Konenkov Sergej Timofeevich;Leo Tolstoy;1;1
Drozhzhin Spiridon Dmitrievich;Leo Tolstoy;1;10
Stolypin Petr Arkad'evich;Leo Tolstoy;1;10
Constance Garnett;Leo Tolstoy;2;10
Spesivtsev Vjacheslav Semenovich;Leo Tolstoy;1;1
Antuan Andre;Leo Tolstoy;2;1
Kocharjan Suren Akimovich;Leo Tolstoy;1;1
Jahontov Vladimir Nikolaevich;Leo Tolstoy;1;1
Konneri Shon;Leo Tolstoy;1;1
Lopatin Mihail Nikolaevich;Leo Tolstoy;1;10
Olsuf'ev Vasilij Dmitrievich;Leo Tolstoy;1;10
Kluni Dzhordzh;Leo Tolstoy;1;1
Bulla Karl Karlovich;Leo Tolstoy;1;1
Churkin Vitalij Ivanovich;Leo Tolstoy;1;1
Christian Morgenstern;Leo Tolstoy;1;1
Kassirs Gi;Leo Tolstoy;1;1
Ivanychev Evgenij Ivanovich;Leo Tolstoy;1;1
Leo Tolstoy;Filippov Tertij Ivanovich;1;10
Polner Tihon Ivanovich;Leo Tolstoy;1;1
Kajsarov Andrej Sergeevich;Leo Tolstoy;1;10
Lebedev Vladimir Vasil'evich;Leo Tolstoy;1;1
Medvedeva Polina Vladimirovna;Leo Tolstoy;1;1
Abramov Jakov Vasil'evich;Leo Tolstoy;1;10
Leo Tolstoy;Tolstoj Nikolaj Nikolaevich;1;10
Lieldidzhs Uldis;Leo Tolstoy;1;1
Chertkov Vladimir Grigor'evich;Leo Tolstoy;2;10
Kibardina Valentina Tihonovna;Leo Tolstoy;1;1
Nikol'skij Georgij Evlampievich;Leo Tolstoy;1;1
Paskevich Irina Ivanovna;Leo Tolstoy;1;1
Trubetskoj Ivan Dmitrievich;Leo Tolstoy;1;1
Leo Tolstoy;Panaev Ivan Ivanovich;1;10
Kursinskij Aleksandr Antonovich;Leo Tolstoy;1;10
Chernov Viktor Mihajlovich;Leo Tolstoy;1;1
Bojarskij Aleksandr Sergeevich;Leo Tolstoy;1;1
Mikluho-Maklaj Nikolaj Nikolaevich;Leo Tolstoy;1;10
Gomboev Dampil Gomboevich;Leo Tolstoy;1;1
Vereschenko Nikolaj Alekseevich;Leo Tolstoy;1;1
Marso Sofi;Leo Tolstoy;1;1
Leo Tolstoy;Aleksandr_II;2;10
Mejvor Dzhejms;Leo Tolstoy;1;1
Lunacharskij Anatolij Vasil'evich;Leo Tolstoy;1;10
Kolobaev Aleksandr Arkad'evich;Leo Tolstoy;1;1
Stahovich Aleksandr Aleksandrovich;Leo Tolstoy;1;10
Gulakjan Armen Karapetovich;Leo Tolstoy;1;1
Golosov Il'ja Aleksandrovich;Leo Tolstoy;1;1
Durova Natal'ja Jur'evna;Leo Tolstoy;1;10
Zjazikov Bagaudin Husejnovich;Leo Tolstoy;1;1
Nin Andreu;Leo Tolstoy;1;1
Schedrin Rodion Konstantinovich;Leo Tolstoy;1;1
Luzhskij Vasilij Vasil'evich;Leo Tolstoy;1;1
Harito Nikolaj Ivanovich;Leo Tolstoy;1;1
Narokov Mihail Semenovich;Leo Tolstoy;1;1
Soldatov Oleg Jur'evich;Leo Tolstoy;1;1
Uspenskij Nikolaj Vasil'evich;Leo Tolstoy;1;10
Dimiters Artur;Leo Tolstoy;1;1
Butromeev Vladimir Petrovich;Leo Tolstoy;1;1
Smil'gis Eduard Janovich;Leo Tolstoy;1;1
Apsit Aleksandr Petrovich;Leo Tolstoy;1;1
Milonov Nikolaj Aleksandrovich;Leo Tolstoy;1;1
Leo Tolstoy;Disterveg Adol'f;1;10
Gruzenberg Semen Osipovich;Leo Tolstoy;1;10
Savodnik Vladimir Fedorovich;Leo Tolstoy;1;1
Moskvin Ivan Mihajlovich;Leo Tolstoy;1;1
Tolstoj Il'ja;Leo Tolstoy;1;10
Blinnikov Sergej Kapitonovich;Leo Tolstoy;1;1
Bjalokozovich Bazyli;Leo Tolstoy;1;1
Gorbov Nikolaj Mihajlovich;Leo Tolstoy;1;1
Sleptsov Nikolaj Pavlovich;Leo Tolstoy;1;10
Shul'ts Arsenij Leonidovich;Leo Tolstoy;1;1
Peterson Mihail Nikolaevich;Leo Tolstoy;1;1
Vitaly Solomin;Leo Tolstoy;1;1
Draganov Petr Danilovich;Leo Tolstoy;1;10
Komarov Matvej;Leo Tolstoy;1;10
Morkov Arkadij Ivanovich;Leo Tolstoy;1;10
Beljaev Aleksandr Petrovich;Leo Tolstoy;1;10
Libedinskaja Lidija Borisovna;Leo Tolstoy;1;1
Massal'skij Pavel Vladimirovich;Leo Tolstoy;2;1
Rostovtsev Nikolaj Jakovlevich;Leo Tolstoy;1;10
Hlebnikov Velimir;Leo Tolstoy;1;1
Tolstaja Tat'jana Nikitichna;Leo Tolstoy;1;1
Popov Pavel Sergeevich;Leo Tolstoy;2;1
Loris-Melikov Mihail Tarielovich;Leo Tolstoy;1;10
Styka Jan;Leo Tolstoy;1;10
Leo Tolstoy;Sollogub Vladimir Aleksandrovich;1;10
Leo Tolstoy;Leonov Leonid Maksimovich;1;1
Ivanov Petr Konstantinovich;Leo Tolstoy;1;1
Zepalov Petr Nikolaevich;Leo Tolstoy;1;1
Shelohonov Petr Illarionovich;Leo Tolstoy;1;1
Adashev Aleksandr Ivanovich;Leo Tolstoy;1;1
Leo Tolstoy;Heinrich Mann;1;1
Gal'perin-Kaminskij Il'ja Daniilovich;Leo Tolstoy;1;10
Ikskul' fon Gil'denband Varvara Ivanovna;Leo Tolstoy;1;10
Lambl' Jan Baptista;Leo Tolstoy;1;1
Leo Tolstoy;Il'in Ivan Aleksandrovich;1;1
Sytin Ivan Dmitrievich;Leo Tolstoy;1;10
Volkov Mihail Davidovich;Leo Tolstoy;1;1
Aldanov Mark Aleksandrovich;Leo Tolstoy;1;1
Schedrin Boris Efimovich;Leo Tolstoy;1;1
Francis Davis Millet;Leo Tolstoy;1;1
Depreradovich Leontij Ivanovich;Leo Tolstoy;1;10
Kadono Ejko;Leo Tolstoy;1;1
Mareev Sergej Nikolaevich;Leo Tolstoy;1;1
Malevanov Nikolaj Aleksandrovich;Leo Tolstoy;1;1
Kaplan Avraam Elijau;Leo Tolstoy;1;1
Paul de Kock;Leo Tolstoy;1;10
Lebedeva Ol'ga Sergeevna;Leo Tolstoy;1;10
Gorchakov Mihail Alekseevich;Leo Tolstoy;1;1
Gal'perin Fal'k;Leo Tolstoy;1;1
Gapon Georgij Apollonovich;Leo Tolstoy;1;1
Albert Einstein;Leo Tolstoy;1;1
Mengden Vladimir Mihajlovich;Leo Tolstoy;1;10
Rybakov Konstantin Nikolaevich;Leo Tolstoy;1;1
Rjashentsev Jurij Evgen'evich;Leo Tolstoy;1;1
Ryzhova Varvara Nikolaevna;Leo Tolstoy;1;1
Karamzina Ekaterina Andreevna;Leo Tolstoy;1;1
Sarakaev Hamzat Ibragim-Bekovich;Leo Tolstoy;1;1
Venttsel' Nikolaj Nikolaevich;Leo Tolstoy;1;10
Dobroljubov Aleksandr Mihajlovich;Leo Tolstoy;1;10
Shvejtser Mihail Abramovich;Leo Tolstoy;1;1
Shlenskij Avraam;Leo Tolstoy;1;1
Davydov Stepan Ivanovich;Leo Tolstoy;1;1
Piljavskaja Sof'ja Stanislavovna;Leo Tolstoy;1;1
Shosson Ernest;Leo Tolstoy;1;1
Birman Serafima Germanovna;Leo Tolstoy;1;1
Nemirovich-Danchenko Vladimir Ivanovich;Leo Tolstoy;1;10
Johann Wolfgang von Goethe;Leo Tolstoy;1;10
Am'el' Anri-Frederik;Leo Tolstoy;1;1
Bondarev Timofej Mihajlovich;Leo Tolstoy;1;10
Baradijn Bazar Baradievich;Leo Tolstoy;1;1
Sudakov Il'ja Jakovlevich;Leo Tolstoy;1;1
Ostroumov Lev Evgen'evich;Leo Tolstoy;1;10
Shajmerdenov Safuan;Leo Tolstoy;1;1
Furmanov Vladislav Rudol'fovich;Leo Tolstoy;1;1
Ratgauz Daniil Maksimovich;Leo Tolstoy;1;10
Gejrot Aleksandr Aleksandrovich;Leo Tolstoy;1;1
Praudin Anatolij Arkad'evich;Leo Tolstoy;1;1
Lengli Uolter;Leo Tolstoy;1;1
Ryunosuke Akutagawa;Leo Tolstoy;1;1
Islavin Vladimir Aleksandrovich;Leo Tolstoy;1;10
Koonen Alisa Georgievna;Leo Tolstoy;1;1
Zajdel' Lev Davidovich;Leo Tolstoy;1;1
Babjatinskij Valerij Konstantinovich;Leo Tolstoy;1;1
Zabludovskij Izil' Zaharovich;Leo Tolstoy;1;1
Glebov Petr Petrovich;Leo Tolstoy;1;1
Drutse Ion Panteleevich;Leo Tolstoy;1;1
Leo Tolstoy;Honoré de Balzac;1;10
Kudrjavtsev Ivan Mihajlovich;Leo Tolstoy;1;1
Kochetkov Afanasij Ivanovich;Leo Tolstoy;1;10
Fonda Genri;Leo Tolstoy;1;1
Tarabarinov Leonid Semenovich;Leo Tolstoy;1;1
Simonov Ruben Nikolaevich;Leo Tolstoy;1;1
Dzhimala Mihal;Leo Tolstoy;1;1
Moravov Aleksandr Viktorovich;Leo Tolstoy;1;10
Kurnakov Andrej Il'ich;Leo Tolstoy;1;1
Dolginin Mihail Andreevich;Leo Tolstoy;1;1
Konovnitsyn Petr Petrovich;Leo Tolstoy;1;10
Batyrmurzaev Zajnalabid Nuhaevich;Leo Tolstoy;1;1
Dombrovskaja Marija;Leo Tolstoy;1;1
Zabijakin Evgenij Konstantinovich;Leo Tolstoy;1;1
Akimov Viktor Akimovich;Leo Tolstoy;1;1
Leo Tolstoy;Suhotina-Tolstaja Tat'jana L'vovna;1;1
Mel'nik Mihail Vasil'evich;Leo Tolstoy;1;1
Zhuravlev Dmitrij Nikolaevich;Leo Tolstoy;1;1
Bresson Rober;Leo Tolstoy;1;1
Petritskij Anatolij Anatol'evich;Leo Tolstoy;1;1
Korolenko Vladimir Galaktionovich;Leo Tolstoy;1;10
Akser Ervin;Leo Tolstoy;1;1
Leo Tolstoy;Men'shov Vladimir Valentinovich;1;1
Admoni Iogann Grigor'evich;Leo Tolstoy;1;1
Kahana Mozesh;Leo Tolstoy;1;1
Burov Fedor Emel'janovich;Leo Tolstoy;1;1
Il'in Boris Fedorovich;Leo Tolstoy;1;1
Plammer Kristofer;Leo Tolstoy;1;1
Bljumental'-Tamarina Marija Mihajlovna;Leo Tolstoy;1;1
Golitsyn Vasilij Dmitrievich;Leo Tolstoy;1;1
Davydov Vladimir Nikolaevich;Leo Tolstoy;1;10
Chudakov Sergej Mihajlovich;Leo Tolstoy;1;1
Agurskij Mihail Samuilovich;Leo Tolstoy;1;1
Shejn Pavel Vasil'evich;Leo Tolstoy;1;1
But Viktor Anatol'evich;Leo Tolstoy;1;1
Sheberg Al'f;Leo Tolstoy;1;1
Leo Tolstoy;Zhitova Varvara Nikolaevna;1;1
Taker Bendzhamin Riketson;Leo Tolstoy;1;1
Pertsov Petr Petrovich;Leo Tolstoy;1;1
Makintajr Alasder;Leo Tolstoy;1;1
Mazon Andre;Leo Tolstoy;1;10
Makkrori Helen;Leo Tolstoy;1;1
Anastasiya Vertinskaya;Leo Tolstoy;1;1
Faddeev Aleksej Evgen'evich;Leo Tolstoy;1;1
Berkengejm Abram Moiseevich;Leo Tolstoy;1;1
Jakovlev Ivan Jakovlevich;Leo Tolstoy;1;1
Harms Daniil Ivanovich;Leo Tolstoy;1;1
Leo Tolstoy;Arthur Schopenhauer;1;10
Tereshko Aleksandr Nikolaevich;Leo Tolstoy;1;1
Grave Aleksandr Konstantinovich;Leo Tolstoy;1;10
Tizengauzen Ekaterina Fedorovna;Leo Tolstoy;1;10
Okruzhnaja Svetlana Artemovna;Leo Tolstoy;1;1
Gritsenko Nikolaj Olimpievich;Leo Tolstoy;1;1
Eliava Shalva Zurabovich;Leo Tolstoy;1;1
Solomin Jurij Mefod'evich;Leo Tolstoy;1;1
Cherkasov Nikolaj Konstantinovich;Leo Tolstoy;1;1
Batalov Nikolaj Petrovich;Leo Tolstoy;1;1
Berzinja Lilita;Leo Tolstoy;1;1
Cesare Lombroso;Leo Tolstoy;1;10
Kaplanjan Rach'ja Nikitovich;Leo Tolstoy;1;1
Bogomolets Aleksandr Aleksandrovich;Leo Tolstoy;1;10
Gol'denvejzer Aleksandr Borisovich;Leo Tolstoy;1;10
Kopejko Jurij Vasil'evich;Leo Tolstoy;1;1
Vorontsova-Dashkova Elizaveta Andreevna;Leo Tolstoy;1;1
Helena Petrovna Blavatsky;Leo Tolstoy;3;10
Leo Tolstoy;Motsart Vol'fgang Amadej;1;10
Kutuzov Mihail Illarionovich;Leo Tolstoy;1;10
L'vov Vladimir Vladimirovich;Leo Tolstoy;1;10
Osmanly Ismail Osman ogly;Leo Tolstoy;1;1
Guljaeva Nina Ivanovna;Leo Tolstoy;1;1
Ber Nikolaj Nikolaevich;Leo Tolstoy;1;10
Golitsyn Aleksandr Nikolaevich;Leo Tolstoy;1;10
Blaise Pascal;Leo Tolstoy;1;10
Shuler Evgenij;Leo Tolstoy;1;1
Svetlovidov Nikolaj Afanas'evich;Leo Tolstoy;1;1
Burmistrova Natal'ja Mihajlovna;Leo Tolstoy;1;1
Vargin Vasilij Vasil'evich;Leo Tolstoy;1;1
Leo Tolstoy;Ekaterina_II;1;10
Leo Tolstoy;Eliza Orzeszkowa;1;1
Stupka Bogdan Sil'vestrovich;Leo Tolstoy;1;1
Sumskaja Natal'ja Vjacheslavovna;Leo Tolstoy;1;1
Bulgakova Varvara Petrovna;Leo Tolstoy;1;1
Shletser Boris de;Leo Tolstoy;1;1
Volkonskij Nikolaj Sergeevich;Leo Tolstoy;2;10
Astashev Nikolaj Illarionovich;Leo Tolstoy;1;1
Figner Nikolaj Nikolaevich;Leo Tolstoy;1;10
Pokrovskij Nikolaj Aleksandrovich;Leo Tolstoy;1;1
Miljutin Ivan Andreevich;Leo Tolstoy;1;1
Komissarov Nikolaj Valerianovich;Leo Tolstoy;1;1
Nesmelova Rimma Valentinovna;Leo Tolstoy;1;1
Zor'jan Stefan Il'ich;Leo Tolstoy;1;1
Leo Tolstoy;Émile Zola;1;10
Arvid Järnefelt;Leo Tolstoy;1;10
Fedoseev Nikolaj Evgrafovich;Leo Tolstoy;1;1
Vereschagin Mihail Nikolaevich;Leo Tolstoy;1;10
Men'shov Vladimir Valentinovich;Leo Tolstoy;1;1
Lebedev Evgenij Alekseevich;Leo Tolstoy;1;1
Leo Tolstoy;Chernyshevskij Nikolaj Gavrilovich;1;10
Drezen Ernest Karlovich;Leo Tolstoy;1;1
Konchalovskij Andrej Sergeevich;Leo Tolstoy;1;1
Itskov Jurij Leonidovich;Leo Tolstoy;1;1
Gorin Bernard;Leo Tolstoy;1;1
Che Gevara Ernesto;Leo Tolstoy;1;1
Murav'ev-Apostol Matvej Ivanovich;Leo Tolstoy;1;10
Toropov Anatolij Mihajlovich;Leo Tolstoy;1;1
Gribkov Vladimir Vasil'evich;Leo Tolstoy;1;1
Repnaja Galina Evgen'evna;Leo Tolstoy;1;1
Akulova Irina Grigor'evna;Leo Tolstoy;1;1
Zhemchuzhnikov Aleksej Mihajlovich;Leo Tolstoy;1;10
Makkendless Kristofer;Leo Tolstoy;1;1
Efros Nikolaj Efimovich;Leo Tolstoy;1;10
Ajhenberg Frits;Leo Tolstoy;1;1
Vorms Al'fons Ernestovich;Leo Tolstoy;1;1
Tovstonogov Georgij Aleksandrovich;Leo Tolstoy;1;1
Protazanov Jakov Aleksandrovich;Leo Tolstoy;1;1
Gersht Meer Abramovich;Leo Tolstoy;1;1
Gassman Vittorio;Leo Tolstoy;1;1
Korsh Fedor Adamovich;Leo Tolstoy;1;10
Bine Iza;Leo Tolstoy;1;1
Rojzin Boris Pavlovich;Leo Tolstoy;1;1
Bogomolets Sofija Nikolaevna;Leo Tolstoy;1;10
Leo Tolstoy;Sjutaev Vasilij Kirillovich;1;10
Mario Camerini;Leo Tolstoy;1;1
Berrimor Dzhon;Leo Tolstoy;1;1
Titova Ljudmila Vladimirovna;Leo Tolstoy;1;1
Hohrjakov Viktor Ivanovich;Leo Tolstoy;1;1
Genkel' Vil'gel'm;Leo Tolstoy;1;1
Davydov Denis Vasil'evich;Leo Tolstoy;1;10
Rajs Kondoliza;Leo Tolstoy;1;1
Rods Sesil' Dzhon;Leo Tolstoy;1;10
Nagrodskaja Evdokija Apollonovna;Leo Tolstoy;1;1
Tadeusz Łomnicki;Leo Tolstoy;1;1
Bers Vjacheslav Andreevich;Leo Tolstoy;1;10
Kukarnikov Andrej Ivanovich;Leo Tolstoy;1;1
Markov Leonid Vasil'evich;Leo Tolstoy;1;1
Verejskij Orest Georgievich;Leo Tolstoy;1;1
Anisimova Galina Aleksandrovna;Leo Tolstoy;1;1
Saltykova Ekaterina Vasil'evna;Leo Tolstoy;1;1
Grigorovich Dmitrij Vasil'evich;Leo Tolstoy;1;10
Mikhail Zharov;Leo Tolstoy;1;1
Roek Konstantsija Frantsevna;Leo Tolstoy;1;1
Leongard Karl;Leo Tolstoy;1;1
Ochirov Bato-Dalaj;Leo Tolstoy;1;1
Ballu Edin;Leo Tolstoy;1;10
Posse Vladimir Aleksandrovich;Leo Tolstoy;1;10
Lavrov Jurij Sergeevich;Leo Tolstoy;1;1
Tolstoj Sergej Sergeevich;Leo Tolstoy;1;10
Savina Marija Gavrilovna;Leo Tolstoy;1;10
Antonov Mihail Ignat'evich;Leo Tolstoy;1;1
Basilashvili Oleg Valerianovich;Leo Tolstoy;1;1
Perper Iosif Ovshievich;Leo Tolstoy;1;10
Fonvizina Natal'ja Dmitrievna;Leo Tolstoy;1;10
Andrianov Vladimir Pavlovich;Leo Tolstoy;1;1
Tolstoj Andrej Ivanovich;Leo Tolstoy;1;10
Mosolova Lidija Vladimirovna;Leo Tolstoy;1;1
Isakova Ljudmila Ivanovna;Leo Tolstoy;1;1
Volkenshtejn Ljudmila Aleksandrovna;Leo Tolstoy;1;10
Leo Tolstoy;Gladkov Aleksandr Konstantinovich;1;1
Leo Tolstoy;Nikolai Alekseevich Nekrasov;1;10
Fikel'mon Dar'ja Fedorovna;Leo Tolstoy;1;1
Kireevskij Nikolaj Vasil'evich;Leo Tolstoy;1;10
Petrova Nina Petrovna;Leo Tolstoy;1;1
Kischenkov Ivan Mihajlovich;Leo Tolstoy;1;10
Vershinin Aleksandr Vladimirovich;Leo Tolstoy;1;1
Shtil' Georgij Antonovich;Leo Tolstoy;1;1
Ivan Alekseyevich Bunin;Leo Tolstoy;1;10
Zhilin Aleksej Dmitrievich;Leo Tolstoy;1;1
Nezhnyj Aleksandr Iosifovich;Leo Tolstoy;1;1
Leo Tolstoy;Grigorovich Dmitrij Vasil'evich;1;10
Fadeeva Elena Alekseevna;Leo Tolstoy;1;1
Inayat Khan;Leo Tolstoy;1;1
Lachinov Nikolaj Aleksandrovich;Leo Tolstoy;1;1
Blagoder Ivan Ivanovich;Leo Tolstoy;1;1
Efremov Oleg Nikolaevich;Leo Tolstoy;1;1
Papazjan Vagram Kamerovich;Leo Tolstoy;1;1
Matveev Mihail Nikolaevich;Leo Tolstoy;1;1
Strahov Adol'f Iosifovich;Leo Tolstoy;1;1
Goddard Dzhon;Leo Tolstoy;1;1
Leo Tolstoy;Stahovich Mihail Aleksandrovich;1;10
Leo Tolstoy;Mejerhol'd Vsevolod Emil'evich;1;10
Zdzehovskij Marian;Leo Tolstoy;1;1
Men'shikov Mihail Osipovich;Leo Tolstoy;1;10
Bajzhanov Zhajau Musa;Leo Tolstoy;1;1
Maklakov Vasilij Alekseevich;Leo Tolstoy;1;10
Savel'ev Vladimir Dmitrievich;Leo Tolstoy;1;1
Rudolf Kassner;Leo Tolstoy;1;1
Nikolai Alekseevich Nekrasov;Leo Tolstoy;1;10
Leo Tolstoy;Makovitskij Dushan Petrovich;1;10
René Doumic;Leo Tolstoy;1;10
Alexandr Ostrovsky;Leo Tolstoy;1;10
Golovachev Apollon Filippovich;Leo Tolstoy;1;1
Golikov Vadim Sergeevich;Leo Tolstoy;1;1
Dvorzhetskij Vatslav Janovich;Leo Tolstoy;2;1
Gorbunov Andrej Nikolaevich;Leo Tolstoy;1;1
Gorbatov Boris Fedorovich;Leo Tolstoy;1;1
Makkavejskij Nikolaj Kornil'evich;Leo Tolstoy;1;1
Leo Tolstoy;Taneev Sergej Ivanovich;1;10
L'vov Aleksej Evgen'evich;Leo Tolstoy;1;1
Aksel'rod Ljubov' Isaakovna;Leo Tolstoy;1;1
Shevchenko Faina Vasil'evna;Leo Tolstoy;1;1
Potapenko Ignatij Nikolaevich;Leo Tolstoy;1;10
Romanov Mihail Fedorovich;Leo Tolstoy;1;10
Anninskij Lev Aleksandrovich;Leo Tolstoy;2;1
Bogdanovich Aleksej Vladimirovich;Leo Tolstoy;1;1
Tolstaja Tat'jana Vladimirovna;Leo Tolstoy;1;1
Demidova Alla Sergeevna;Leo Tolstoy;1;1
Bichevin Leonid Aleksandrovich;Leo Tolstoy;1;1
Gorchakov Aleksandr Mihajlovich;Leo Tolstoy;1;10
Tolstoj Il'ja Andreevich;Leo Tolstoy;1;10
Leo Tolstoy;Blok Aleksandr Aleksandrovich;1;10
Pisemskij Aleksej Feofilaktovich;Leo Tolstoy;1;10
Hohlov Konstantin Pavlovich;Leo Tolstoy;1;1
Vasil'ev Aleksandr;Leo Tolstoy;1;10
Mak Karl;Leo Tolstoy;1;1
Chizhevskij Aleksandr Leonidovich;Leo Tolstoy;1;1
Haas Dolli;Leo Tolstoy;1;1
Lipkan Aleksandr Mihajlovich;Leo Tolstoy;1;1
Leo Tolstoy;Lomunov Konstantin Nikolaevich;1;1
Radin Nikolaj Mariusovich;Leo Tolstoy;1;1
Tolstoj Lev L'vovich;Leo Tolstoy;1;10
C P Snow;Leo Tolstoy;1;1
Gzhegozhevskij Ezhi;Leo Tolstoy;1;1
Rasskazov Aleksandr Andreevich;Leo Tolstoy;1;10
Svobodin Nikolaj Kapitonovich;Leo Tolstoy;1;1
Harchenko Sergej Vasil'evich;Leo Tolstoy;1;1
Leo Tolstoy;Romain Rolland;1;10
Varpahovskaja Anna Leonidovna;Leo Tolstoy;1;1
Al'fano Franko;Leo Tolstoy;1;1
Benmjussa Simona;Leo Tolstoy;1;1
Nikolai Leskov;Leo Tolstoy;1;10
Rozen Andrej Evgen'evich;Leo Tolstoy;1;10
Tsinger Aleksandr Vasil'evich;Leo Tolstoy;2;10
Leo Tolstoy;Tolstaja Sof'ja Andreevna;1;10
Mellori Ljusi;Leo Tolstoy;1;10
Armfel'd Natal'ja Aleksandrovna;Leo Tolstoy;1;10
Filippov Mihail Mihajlovich;Leo Tolstoy;1;10
Mejer Dmitrij Ivanovich;Leo Tolstoy;1;10
Nizovoj Viktor Alekseevich;Leo Tolstoy;1;1
Orlov Nikolaj Vasil'evich;Leo Tolstoy;1;10
Elanskaja Klavdija Nikolaevna;Leo Tolstoy;1;1
Gornfel'd Arkadij Georgievich;Leo Tolstoy;1;1
Birjukov Pavel Ivanovich;Leo Tolstoy;1;10
Korzhev Ivan Vladimirovich;Leo Tolstoy;1;1
Chitati P'etro;Leo Tolstoy;1;1
Lukin Viktor Dmitrievich;Leo Tolstoy;1;1
Lopato Ljudmila Il'inichna;Leo Tolstoy;1;1
Perle Rudol'f;Leo Tolstoy;1;1
Gradopolov Konstantin Konstantinovich;Leo Tolstoy;1;1
De Mestr Zhozef;Leo Tolstoy;1;10
Viktjuk Roman Grigor'evich;Leo Tolstoy;1;1
Janachek Leosh;Leo Tolstoy;1;1
Gorin-Gorjajnov Boris Anatol'evich;Leo Tolstoy;1;1
Pankov Pavel Petrovich;Leo Tolstoy;1;1
Stanitsyn Viktor Jakovlevich;Leo Tolstoy;1;1
Kreslin'sh Osval'd;Leo Tolstoy;1;1
Maksakova Ljudmila Vasil'evna;Leo Tolstoy;1;1
Bromfild Endrju;Leo Tolstoy;1;1
Komashko Aleksej Aleksandrovich;Leo Tolstoy;1;1
Martynov Nikolaj Avenirovich;Leo Tolstoy;1;10
Fofanov Konstantin Mihajlovich;Leo Tolstoy;1;10
Mitropol'skij Ivan Ivanovich;Leo Tolstoy;1;1
Leo Tolstoy;Aksakov Konstantin Sergeevich;1;10
Leo Tolstoy;Botkin Vasilij Petrovich;1;10
Tihonravov Nikolaj Savvich;Leo Tolstoy;1;10
Tizengauzen Fedor Ivanovich;Leo Tolstoy;1;10
Valentin Fyodorovich Bulgakov;Leo Tolstoy;2;10
Burygina Julija Ivanovna;Leo Tolstoy;1;1
Beroev Egor Vadimovich;Leo Tolstoy;1;1
Kurosava Akira;Leo Tolstoy;1;1
Gerasimov Sergej Apollinarievich;Leo Tolstoy;1;1
Davidit Rivka;Leo Tolstoy;1;1
Osmolovskaja Zoja Vasil'evna;Leo Tolstoy;1;1
Orlov Dmitrij Nikolaevich;Leo Tolstoy;1;1
Pletnev Aleksandr Borisovich;Leo Tolstoy;1;1
Korolitskij Mark Samojlovich;Leo Tolstoy;1;1
Stepurina Dora Fedorovna;Leo Tolstoy;1;1
Nurgali Rymgali Nurgalievich;Leo Tolstoy;1;1
Zagurskaja Galina Nikolaevna;Leo Tolstoy;1;1
Astrejko Anatol';Leo Tolstoy;1;1
Otsup Petr Adol'fovich;Leo Tolstoy;1;1
Starikov Vitalij Alekseevich;Leo Tolstoy;1;1
Leo Tolstoy;Solov'ev Evgenij Andreevich;1;1
Suvorin Aleksej Sergeevich;Leo Tolstoy;1;10
Prudkin Mark Isaakovich;Leo Tolstoy;1;1
Pobedin Konstantin Vladimirovich;Leo Tolstoy;1;1
Leo Tolstoy;Fyodor Dostoevsky;1;10
Korejsha Ivan Jakovlevich;Leo Tolstoy;1;10
Leo Tolstoy;Luk'janov Sergej Mihajlovich;1;1
Ivannikov Mihail Dmitrievich;Leo Tolstoy;1;1
Dikij Aleksej Denisovich;Leo Tolstoy;1;1
Karazin Nikolaj Nikolaevich;Leo Tolstoy;1;10
Lambin Petr Borisovich;Leo Tolstoy;1;10
Stolypin Arkadij Dmitrievich;Leo Tolstoy;1;10
Gordin Jakov Mihajlovich;Leo Tolstoy;1;10
Bari Aleksandr Veniaminovich;Leo Tolstoy;1;10
Popper-Linkeus Jozef;Leo Tolstoy;1;1
Jakovlev Jurij Vasil'evich;Leo Tolstoy;1;1
Kletnietse Milda;Leo Tolstoy;1;1
Knipper-Chehova Ol'ga Leonardovna;Leo Tolstoy;1;1
Tagiev Gadzhi Zejnalabdin;Leo Tolstoy;1;1
Leo Tolstoy;Korolenko Vladimir Galaktionovich;1;10
Osipov Valentin Osipovich;Leo Tolstoy;1;1
Mamyshev-Monro Vladislav Jur'evich;Leo Tolstoy;1;1
Leo Tolstoy;Charles Dickens;1;1
Jakovlev Anton Jur'evich;Leo Tolstoy;1;1
Vjazemskij Petr Andreevich;Leo Tolstoy;1;1
Vladimir Vysotsky;Leo Tolstoy;1;1
Kolobov Leonid Nikolaevich;Leo Tolstoy;1;1
Leo Tolstoy;Read Nikolaj Andreevich;1;10
Leo Tolstoy;Murav'ev-Apostol Ivan Matveevich;1;10
Belkin Andrej Mihajlovich;Leo Tolstoy;1;1
Pitoev Zhorzh;Leo Tolstoy;1;1
Novoselov Mihail Aleksandrovich;Leo Tolstoy;1;10
Shvarts Rafael';Leo Tolstoy;1;1
Shatillo Ivan Bronislavovich;Leo Tolstoy;1;1
Leo Tolstoy;Immanuel Kant;1;10
Belevtseva Natalija Alekseevna;Leo Tolstoy;1;1
Balibar Zhanna;Leo Tolstoy;1;1
Plescheev Aleksej Nikolaevich;Leo Tolstoy;1;10
Haljutina Sof'ja Vasil'evna;Leo Tolstoy;1;1
Nadir Mojshe;Leo Tolstoy;1;1
Strahov Fedor Alekseevich;Leo Tolstoy;1;10
Bykov Dmitrij L'vovich;Leo Tolstoy;1;1
Svarog Vasilij Semenovich;Leo Tolstoy;1;1
Kobejn Kurt;Leo Tolstoy;1;1
Turchaninova Evdokija Dmitrievna;Leo Tolstoy;1;10
Solov'ev Aleksandr Titovich;Leo Tolstoy;1;10
Leo Tolstoy;Vladimir Nabokov;1;1
Gof Majkl;Leo Tolstoy;1;1
Nechaev-Mal'tsov Jurij Stepanovich;Leo Tolstoy;1;10
Mamedova Shafiga Gashim kyzy;Leo Tolstoy;1;1
Nikulina Nadezhda Alekseevna;Leo Tolstoy;1;10
Vahtangov Evgenij Bagrationovich;Leo Tolstoy;1;1
Leo Tolstoy;Bah Iogann Sebast'jan;1;10
Ivanov Jurij Valentinovich;Leo Tolstoy;1;1
Kurochkin Georgij Ivanovich;Leo Tolstoy;1;1
Hall Caine;Leo Tolstoy;1;10
Tolstoj Lev;Leo Tolstoy;1;10
Ansira Berni Sel'ma;Leo Tolstoy;1;1
Zhidkov Ivan Alekseevich;Leo Tolstoy;1;1
Norov Avraam Sergeevich;Leo Tolstoy;1;10
Mejlah Boris Solomonovich;Leo Tolstoy;1;1
Stankevich Mihail Sergeevich;Leo Tolstoy;1;1
Bryl' Janka;Leo Tolstoy;1;1
Dornhel'm Robert;Leo Tolstoy;1;1
Linder Isaak Maksovich;Leo Tolstoy;1;1
Dmitriev Vladimir Vladimirovich;Leo Tolstoy;1;1
Pogudin Oleg Evgen'evich;Leo Tolstoy;1;1
Samarina Antonina Nikolaevna;Leo Tolstoy;1;1
Semenov Sergej Terent'evich;Leo Tolstoy;1;10
Gerasin Viktor Ivanovich;Leo Tolstoy;1;1
Litovtseva Nina Nikolaevna;Leo Tolstoy;1;1
Viktor Korshunov;Leo Tolstoy;1;1
Tarasov Viktor Pavlovich;Leo Tolstoy;1;1
Rabij Barbu;Leo Tolstoy;1;1
Fajdzhes Orlando;Leo Tolstoy;1;1
Gruzinskij Aleksandr Pavlovich;Leo Tolstoy;1;1
Leo Tolstoy;Shopen Frederik;1;1
Michurina-Samojlova Vera Arkad'evna;Leo Tolstoy;1;1
Shkol'nikov Semen Semenovich;Leo Tolstoy;1;1
Borosha Milivoj;Leo Tolstoy;1;1
Pegova Irina Sergeevna;Leo Tolstoy;1;1
Lohvitskaja Mirra Aleksandrovna;Leo Tolstoy;1;1
Lentovskij Mihail Valentinovich;Leo Tolstoy;1;1
Kizevetter Iogann;Leo Tolstoy;1;1
Leo Tolstoy;Roger Martin du Gard;1;1
Kozak Nikolaj Mihajlovich;Leo Tolstoy;1;1
Dzhanibekjan Gurgen Dzhanibekovich;Leo Tolstoy;1;1
Baturin Evgenij Vasil'evich;Leo Tolstoy;1;10
Simonova Evgenija Pavlovna;Leo Tolstoy;1;1
Rusanov Andrej Gavrilovich;Leo Tolstoy;1;10
Pervuhin Mihail Konstantinovich;Leo Tolstoy;1;1
Leo Tolstoy;Aleksey_II;1;1
Leo Tolstoy;Krasko Ivan Ivanovich;1;1
Devite Regina;Leo Tolstoy;1;1
Fokin Valerij Vladimirovich;Leo Tolstoy;1;1
Chernevskij Sergej Antipovich;Leo Tolstoy;1;10
Chujkov Aleksandr Aleksandrovich;Leo Tolstoy;1;1
Maljan David Melkumovich;Leo Tolstoy;1;1
Kenigson Vladimir Vladimirovich;Leo Tolstoy;1;1
Lopuhin Ilarion Dmitrievich;Leo Tolstoy;1;1
Pokidchenko Anna Jakovlevna;Leo Tolstoy;1;1
Mazurin Vasilij Petrovich;Leo Tolstoy;1;10
Novogrudskaja Marianna Gertselevna;Leo Tolstoy;1;1
Zavadovskij Petr Vasil'evich;Leo Tolstoy;1;1
Abe Tomodzi;Leo Tolstoy;1;1
Mescherjakov Nikolaj Leonidovich;Leo Tolstoy;1;1
Solovtsov Nikolaj Nikolaevich;Leo Tolstoy;1;1
Buturlin Sergej Petrovich;Leo Tolstoy;1;10
Kedrov Mihail Nikolaevich;Leo Tolstoy;1;1
Zherihov Nikolaj Ivanovich;Leo Tolstoy;1;1
Pluzhnik Evgenij Pavlovich;Leo Tolstoy;1;1
Kutushev Ahmet Shagiahmetovich;Leo Tolstoy;1;1
Porechenkov Mihail Evgen'evich;Leo Tolstoy;1;1
Uvarova Nelli Vladimirovna;Leo Tolstoy;1;1
Gromeka Stepan Stepanovich;Leo Tolstoy;1;10
Kobekin Vladimir Aleksandrovich;Leo Tolstoy;1;1
Koshka Petr Markovich;Leo Tolstoy;1;1
Gribunin Vladimir Fedorovich;Leo Tolstoy;1;1
Leo Tolstoy;Tolstoj Vladimir Il'ich;1;1
Jureneva Vera Leonidovna;Leo Tolstoy;1;1
Kajdanovskij Aleksandr Leonidovich;Leo Tolstoy;1;1
Lavrov Kirill Jur'evich;Leo Tolstoy;1;1
Tolstoj Vladimir Il'ich;Leo Tolstoy;1;1
Tarasova Alla Konstantinovna;Leo Tolstoy;1;1
Skrjabin Julian Aleksandrovich;Leo Tolstoy;1;1
Adamenko Grigorij Anatol'evich;Leo Tolstoy;1;1
Gurvich Elias;Leo Tolstoy;1;10
Androvskaja Ol'ga Nikolaevna;Leo Tolstoy;1;1
Hirshfel'd Magnus;Leo Tolstoy;1;1
Leont'ev Konstantin Nikolaevich;Leo Tolstoy;1;10
Garrison Uil'jam Llojd;Leo Tolstoy;1;10
Artem'ev Aleksandr Spiridonovich;Leo Tolstoy;1;1
Strizhneva Svetlana Efimovna;Leo Tolstoy;1;1
Volkov Solomon Moiseevich;Leo Tolstoy;1;1
Kipiani Mihail Kajharovich;Leo Tolstoy;1;10
Mann Tomas;Leo Tolstoy;1;1
Leo Tolstoy;Tolstoj Andrej L'vovich;1;10
Baratynskij Aleksandr Nikolaevich;Leo Tolstoy;1;1
Mikel'shtedter Karlo;Leo Tolstoy;1;1
Spivak Mihail L'vovich;Leo Tolstoy;1;1
Bilinkis Jakov Semenovich;Leo Tolstoy;1;1
Minor Solomon Alekseevich;Leo Tolstoy;1;10
Nahera Manuel' Gut'erres;Leo Tolstoy;1;1
Zaklunnaja Valerija Gavriilovna;Leo Tolstoy;1;1
Segjur Filipp Pol' de;Leo Tolstoy;1;10
Hans Christian Andersen;Leo Tolstoy;1;10
Pil'skij Petr Mosevich;Leo Tolstoy;1;1
Molochnikov Aleksandr Aleksandrovich;Leo Tolstoy;1;1
Grigor'ev Afanasij Grigor'evich;Leo Tolstoy;1;1
Romanova Vera Konstantinovna;Leo Tolstoy;1;1
Taube Mihail Aleksandrovich;Leo Tolstoy;1;10
Titova Marija Andreevna;Leo Tolstoy;1;1
Bertha von Suttner;Leo Tolstoy;1;10
Vasnetsov Jurij Alekseevich;Leo Tolstoy;1;1
Avenarius Georgij Aleksandrovich;Leo Tolstoy;1;1
Fedotova Glikerija Nikolaevna;Leo Tolstoy;1;10
Platonov Boris Viktorovich;Leo Tolstoy;1;1
Pahomov Vladimir Mihajlovich;Leo Tolstoy;1;1
Pevtsov Illarion Nikolaevich;Leo Tolstoy;1;1
Tolstoj Il'ja Andreevich;Leo Tolstoy;1;10
Sollogub Fedor L'vovich;Leo Tolstoy;1;10
Tsebrikova Marija Konstantinovna;Leo Tolstoy;1;10
Suhanov Nikolaj Nikolaevich;Leo Tolstoy;1;1
Otsep Fedor Aleksandrovich;Leo Tolstoy;1;1
Chebodaev Mihail Nikolaevich;Leo Tolstoy;1;1
Lang Marija;Leo Tolstoy;1;1
Otomar Krejča;Leo Tolstoy;1;1
Ravenskih Boris Ivanovich;Leo Tolstoy;1;1
Koni Anatolij Fedorovich;Leo Tolstoy;1;10
Azbukin Dmitrij Ivanovich;Leo Tolstoy;1;1
Davu Lui Nikola;Leo Tolstoy;1;10
Shklovskij Viktor Borisovich;Leo Tolstoy;1;1
Leo Tolstoy;Makarova Tamara Fedorovna;1;1
Leo Tolstoy;Kovalevskij Osip Mihajlovich;1;1
Grazia Deledda;Leo Tolstoy;1;1
Mirbo Oktav;Leo Tolstoy;1;10
Bogatyrev Jurij Georgievich;Leo Tolstoy;1;1
Chistalev Veniamin Timofeevich;Leo Tolstoy;1;1
Gomboev Galsan;Leo Tolstoy;1;1
Leo Tolstoy;Montesk'e Sharl'-Lui de Sekonda;1;10
Leo Tolstoy;Annenkov Pavel Vasil'evich;1;10
Scheglov Vladimir Georgievich;Leo Tolstoy;1;1
Morejnis-Muratova Fani Abramovna;Leo Tolstoy;1;1
Leo Tolstoy;Gertsen Aleksandr Ivanovich;1;10
Bezchastnov Igor' Mihajlovich;Leo Tolstoy;1;1
Odoevskij Vladimir Fedorovich;Leo Tolstoy;2;10
Raskatov Lev Viktorovich;Leo Tolstoy;1;1
Nikolaev Mihail Efimovich;Leo Tolstoy;1;1
Gozenpud Abram Akimovich;Leo Tolstoy;1;1
Stanislavskij Konstantin Sergeevich;Leo Tolstoy;1;10
L'vov Georgij Evgen'evich;Leo Tolstoy;1;10
Kaljagin Aleksandr Aleksandrovich;Leo Tolstoy;1;1
Sulerzhitskij Leopol'd;Leo Tolstoy;1;10
Polonskij Jakov Petrovich;Leo Tolstoy;1;10
Ul'janinskij Dmitrij Vasil'evich;Leo Tolstoy;1;1
Bojarskij Sergej Aleksandrovich;Leo Tolstoy;1;1
Davydov Nikolaj Vasil'evich;Leo Tolstoy;1;10
Burenin Viktor Petrovich;Leo Tolstoy;1;10
Leo Tolstoy;Mann Tomas;1;1
Kashpur Vladimir Terent'evich;Leo Tolstoy;1;1
Vogjue Ezhen Mel'hior de;Leo Tolstoy;1;10
Rozanova Susanna Abramovna;Leo Tolstoy;1;1
Orlov Dmitrij Alekseevich;Leo Tolstoy;1;1
Leo Tolstoy;Ivashkevich Jaroslav;1;1
Shipov Dmitrij Nikolaevich;Leo Tolstoy;1;1
Erdenko Mihail Gavrilovich;Leo Tolstoy;1;10
Romanovich Evgenij Stepanovich;Leo Tolstoy;1;1
Nazhivin Ivan Fedorovich;Leo Tolstoy;1;10
Gol'denvejzer Emmanuel' Aleksandrovich;Leo Tolstoy;1;10
Petker Boris Jakovlevich;Leo Tolstoy;1;1
Bogatyrenko Pavla Zaharovna;Leo Tolstoy;1;1
Nikolaev Petr Petrovich;Leo Tolstoy;1;10
Prijma Fedor Jakovlevich;Leo Tolstoy;1;1
Anderson Dzhon;Leo Tolstoy;1;1
Zhupanchich Oton;Leo Tolstoy;1;1
Tolstoj Lev;Leo Tolstoy;1;10
Sidel'nikova Zinaida Jakovlevna;Leo Tolstoy;1;1
Leo Tolstoy;Stefan Zweig;1;1
Arisima Takeo;Leo Tolstoy;1;1
Leo Tolstoy;Grigor'ev Apollon Aleksandrovich;1;10
Rusheva Nadezhda Nikolaevna;Leo Tolstoy;1;1
Poltoratskij Vladimir Alekseevich;Leo Tolstoy;1;10
Pasternak Leonid Osipovich;Leo Tolstoy;1;10
Ertel' Aleksandr Ivanovich;Leo Tolstoy;1;10
Zhil'tsov Aleksej Vasil'evich;Leo Tolstoy;1;1
Senesh Hana;Leo Tolstoy;1;1
Grinman Il'ja Abramovich;Leo Tolstoy;1;10
Tiblen Nikolaj L'vovich;Leo Tolstoy;1;1
Fejnerman Isaak Borisovich;Leo Tolstoy;1;1
Arenskij Anton Stepanovich;Leo Tolstoy;1;1
Piotrovskij Jurij Georgievich;Leo Tolstoy;1;1
Tolstaja Sof'ja Andreevna;Leo Tolstoy;1;10
Glebov Stepan Bogdanovich;Leo Tolstoy;1;10
Tolstoj Mihail Pavlovich;Leo Tolstoy;2;1
Schukin Boris Fedorovich;Leo Tolstoy;1;1
Navrotskij Aleksandr Aleksandrovich;Leo Tolstoy;1;1
Il'inskij Igor' Vladimirovich;Leo Tolstoy;1;1
Markov Evgenij L'vovich;Leo Tolstoy;1;10
Sinel'nikov Nikolaj Nikolaevich;Leo Tolstoy;1;1
Golovko Vjacheslav Mihajlovich;Leo Tolstoy;1;1
Kozmesku Aleksandr Aleksandrovich;Leo Tolstoy;1;1
Zulonas Pjatras Jonovich;Leo Tolstoy;1;1
John Ruskin;Leo Tolstoy;1;1
Kazem-Bek Aleksandr L'vovich;Leo Tolstoy;1;1
Leo Tolstoy;Fet Afanasij Afanas'evich;1;10
Gol'denvejzer Aleksandr Solomonovich;Leo Tolstoy;1;10
Obolenskij Leonid Egorovich;Leo Tolstoy;1;10
Vil'bushevich Moshe;Leo Tolstoy;1;1
Popova Vera Nikolaevna;Leo Tolstoy;1;10
Skvortsov Il'ja Vadimovich;Leo Tolstoy;1;1
Simov Viktor Andreevich;Leo Tolstoy;1;1
Tsiskaridze Nikolaj Maksimovich;Leo Tolstoy;1;1
Tolstoj Nikita Il'ich;Leo Tolstoy;1;1
Leo Tolstoy;George Frideric Handel;1;1
Busygina Anastasija Vladimirovna;Leo Tolstoy;1;1
Golovin Ivan Mihajlovich;Leo Tolstoy;1;10
Tsiolkovskij Konstantin Eduardovich;Leo Tolstoy;1;1
Tolstaja Aleksandra L'vovna;Leo Tolstoy;1;10
Stasov Vladimir Vasil'evich;Leo Tolstoy;1;10
Saneatsu Mushanokoji;Leo Tolstoy;1;1
Korablev Vasilij Nikolaevich;Leo Tolstoy;1;1
Chemenzeminli Jusif Vezir;Leo Tolstoy;1;1
Leo Tolstoy;Nikolai;1;10
Vladimir Shainskiy;Leo Tolstoy;1;1
Dzhigarhanjan Armen Borisovich;Leo Tolstoy;1;1
Leo Tolstoy;Lelevel' Ioahim;1;10
Suhotina-Tolstaja Tat'jana L'vovna;Leo Tolstoy;1;1
Polosin Evgenij Maksimovich;Leo Tolstoy;1;1
Gadaev Magomed-Salah;Leo Tolstoy;1;1
Dolgorukov Vasilij Andreevich;Leo Tolstoy;1;10
Kianto Ilmari;Leo Tolstoy;1;1
Minkailov El'brus Salaudyevich;Leo Tolstoy;1;1
Dondukova-Korsakova Marija Mihajlovna;Leo Tolstoy;1;10
Jatsko Igor' Vladimirovich;Leo Tolstoy;1;1
Romain Rolland;Leo Tolstoy;1;10
Modzalevskij Boris L'vovich;Leo Tolstoy;1;1
Mogilevskij Abram Il'ich;Leo Tolstoy;1;10
Stolypin Aleksej Arkad'evich;Leo Tolstoy;1;10
Kljuev Nikolaj Alekseevich;Leo Tolstoy;1;1
Teleshov Nikolaj Dmitrievich;Leo Tolstoy;1;10
Leo Tolstoy;Ge Nikolaj Nikolaevich;1;10
Kupchenko Irina Petrovna;Leo Tolstoy;1;1
Ryzhova Tat'jana Nikolaevna;Leo Tolstoy;1;1
Skvortsov Vasilij Mihajlovich;Leo Tolstoy;1;1
Koreneva Lidija Mihajlovna;Leo Tolstoy;1;1
Urusov Sergej Semenovich;Leo Tolstoy;1;10
Polivanov Lev Ivanovich;Leo Tolstoy;1;10
Leo Wiener;Leo Tolstoy;1;1
Leo Tolstoy;Stasov Vladimir Vasil'evich;1;10
Bernarden de Sen-P'er Zhak-Anri;Leo Tolstoy;1;10
Barykova Anna Pavlovna;Leo Tolstoy;1;10
Ivan Cankar;Leo Tolstoy;1;1
Il'inskij Igor' Vladimirovich;Leo Tolstoy;1;1
Henryk Sienkiewicz;Leo Tolstoy;1;1
Chajkovskij Boris Vital'evich;Leo Tolstoy;1;1
Kessler Duvid;Leo Tolstoy;1;1
Enneken Emil';Leo Tolstoy;1;1
Trostjanetskij Gennadij Rafailovich;Leo Tolstoy;1;1
Dudyshkin Stepan Semenovich;Leo Tolstoy;1;10
Veresaev Vikentij Vikent'evich;Leo Tolstoy;1;10
Astrid Lindgren;Leo Tolstoy;1;1
Jushkov Aleksandr Ivanovich;Leo Tolstoy;1;1
Abamelek Anna Davydovna;Leo Tolstoy;1;1
Mehmandarov Samed-bek Sadyh-bek ogly;Leo Tolstoy;1;1
Lejko Marija Karlovna;Leo Tolstoy;1;1
Knebel' Marija Osipovna;Leo Tolstoy;1;1
Goldmen Dzhejms;Leo Tolstoy;1;1
Prokudin-Gorskij Sergej Mihajlovich;Leo Tolstoy;1;10
Gorchakov Ivan Fedorovich;Leo Tolstoy;1;10
Leo Tolstoy;Skabichevskij Aleksandr Mihajlovich;1;10
Karm Kaarel;Leo Tolstoy;1;1
Makashin Sergej Aleksandrovich;Leo Tolstoy;1;1
Surenjants Vardges Akopovich;Leo Tolstoy;1;1
Lashkarev Sergej Sergeevich;Leo Tolstoy;1;1
Elebaev Mukaj;Leo Tolstoy;1;1
Leo Tolstoy;Popov Evgenij Ivanovich;1;10
Leo Tolstoy;Felix Mendelssohn;1;10
Kaljaev Ivan Platonovich;Leo Tolstoy;1;1
Strel'nikov Nikolaj Mihajlovich;Leo Tolstoy;1;1
Leo Tolstoy;Tolstoj Mihail L'vovich;1;10
Sorokin Pitirim Aleksandrovich;Leo Tolstoy;1;1
Arabazhin Konstantin Ivanovich;Leo Tolstoy;1;1
Kroders Ol'gert;Leo Tolstoy;1;1
Selihanovich Aleksandr Bronislavovich;Leo Tolstoy;1;1
Akashkin Vjacheslav Pavlovich;Leo Tolstoy;1;1
Peshkova Dar'ja Maksimovna;Leo Tolstoy;1;1
Petrov Grigorij Spiridonovich;Leo Tolstoy;1;10
Bedro Ivan Prohorovich;Leo Tolstoy;1;10
Grigonis Matas;Leo Tolstoy;1;1
Kerbabaev Berdy Muradovich;Leo Tolstoy;1;1
Durasova Marija Aleksandrovna;Leo Tolstoy;1;1
Miljuzina Lidija Andreevna;Leo Tolstoy;1;1
Sinu Kira;Leo Tolstoy;1;1
Leo Tolstoy;Leont'ev Konstantin Nikolaevich;1;10
Nikitin Mihail Matveevich;Leo Tolstoy;1;1
Markov Vasilij Petrovich;Leo Tolstoy;1;1
Samokish Nikolaj Semenovich;Leo Tolstoy;1;1
Hikmet Nazym;Leo Tolstoy;1;1
Beloborodov Nikolaj Ivanovich;Leo Tolstoy;1;1
Toporkov Vasilij Osipovich;Leo Tolstoy;1;1
Novokreschenova Galina Nikolaevna;Leo Tolstoy;1;1
Тэффи;Leo Tolstoy;1;1
Volchkov Nikolaj Nikolaevich;Leo Tolstoy;1;1
Patti Adelina;Leo Tolstoy;1;10
Karelina Galina Timofeevna;Leo Tolstoy;1;1
Bludov Dmitrij Nikolaevich;Leo Tolstoy;1;10
Tolstoj Il'ja Andreevich;Leo Tolstoy;1;10
Gur-Ar'e Jeguda;Leo Tolstoy;1;1
Leo Tolstoy;Berthold Auerbach;1;1
Mironov Petr Grigor'evich;Leo Tolstoy;1;1
Poljakova Elena Ivanovna;Leo Tolstoy;1;1
Masal'skaja Nina Nikolaevna;Leo Tolstoy;1;1
Leo Tolstoy;Volkonskij Nikolaj Sergeevich;1;10
Fomenko Petr Naumovich;Leo Tolstoy;1;1
Lur'e Jakov Moiseevich;Leo Tolstoy;1;10
Leo Tolstoy;Turgeneva Varvara Petrovna;1;10
Filevskij Ivan Ivanovich;Leo Tolstoy;1;1
Kantor Moisej Isaakovich;Leo Tolstoy;1;1
Artem Aleksandr Rodionovich;Leo Tolstoy;1;1
Ode-de-Sion Aleksandr Karlovich;Leo Tolstoy;1;1
Drozdov Gleb Borisovich;Leo Tolstoy;1;1
Tolstoj Fedor Petrovich;Leo Tolstoy;1;10
Leo Tolstoy;Sventsitskij Valentin Pavlovich;1;1
Hilkov Dmitrij Aleksandrovich;Leo Tolstoy;1;10
Gusman Boris Evseevich;Leo Tolstoy;1;1
Vat Aleksander;Leo Tolstoy;1;1
Schegolenok Vasilij Petrovich;Leo Tolstoy;1;10
Savina Vera Jur'evna;Leo Tolstoy;1;1
Mubarjakov Arslan Kotlyahmetovich;Leo Tolstoy;1;1
Kuple Dina;Leo Tolstoy;1;1
Morits Junna Petrovna;Leo Tolstoy;1;1
Serova Valentina Semenovna;Leo Tolstoy;1;10
Mansurova Tsetsilija L'vovna;Leo Tolstoy;1;1
Roger Martin du Gard;Leo Tolstoy;1;1
Leo Tolstoy;Birjukov Pavel Ivanovich;1;10
Mkrtchjan Levon Mkrtychevich;Leo Tolstoy;1;1
Nersesjan Rachija Nersesovich;Leo Tolstoy;1;1
Gurevich Ljubov' Jakovlevna;Leo Tolstoy;1;10
Bolduman Mihail Pantelejmonovich;Leo Tolstoy;1;1
Nesterov Aleksej Jakovlevich;Leo Tolstoy;1;10
Jakubovskij Viktor Vladislavovich;Leo Tolstoy;1;1
Stellovskij Fedor Timofeevich;Leo Tolstoy;1;10
Ivan Turgenev;Leo Tolstoy;1;10
Leo Tolstoy;Tolstaja Marija Nikolaevna;1;10
Leo Tolstoy;Tolstoj Il'ja L'vovich;1;10
Komissarov Aleksandr Mihajlovich;Leo Tolstoy;1;1
Arthur Schopenhauer;Leo Tolstoy;2;10
Kazanskaja Alla Aleksandrovna;Leo Tolstoy;1;1
Aleksandrov Anatolij Aleksandrovich;Leo Tolstoy;1;10
Saitov Viktor Petrovich;Leo Tolstoy;1;1
Potemkin Grigorij Aleksandrovich;Leo Tolstoy;1;10
Nikiforov Mihail Illarionovich;Leo Tolstoy;1;1
Leo Tolstoy;Mihajlovskij Nikolaj Konstantinovich;1;10
Rakovskaja Rina;Leo Tolstoy;1;1
Derek Dzhon;Leo Tolstoy;1;1
Leo Tolstoy;Dudyshkin Stepan Semenovich;1;10
Jur'ev Jurij Mihajlovich;Leo Tolstoy;1;1
Jastrzhembskij Andrej Stanislavovich;Leo Tolstoy;1;1
Leo Tolstoy;Repin Il'ja Efimovich;1;10
Leo Tolstoy;Ivan Alekseyevich Bunin;1;10
Kuleshov Petr Ivanovich;Leo Tolstoy;1;1
Bulanzhe Pavel Aleksandrovich;Leo Tolstoy;1;10
Denisov Vladimir Sergeevich;Leo Tolstoy;1;1
Gerhart Hauptmann;Leo Tolstoy;1;1
Protopopov Mihail Alekseevich;Leo Tolstoy;1;1
Boguslavskij Mihail Viktorovich;Leo Tolstoy;1;1
Korchagina-Aleksandrovskaja Ekaterina Pavlovna;Leo Tolstoy;1;1
Benito Pérez Galdós;Leo Tolstoy;1;1
Petondi Foma Ivanovich;Leo Tolstoy;1;10
Drebneva Ljudmila Nikolaevna;Leo Tolstoy;1;1
Shilt'jan Grigorij Ivanovich;Leo Tolstoy;1;1
Saeki Kadzumi;Leo Tolstoy;1;1
Rejtern Evgraf Evgrafovich;Leo Tolstoy;1;1
Hubai Ene;Leo Tolstoy;1;1
Fisher Samuel';Leo Tolstoy;1;1
Vasil'ev Jurij Nikolaevich;Leo Tolstoy;1;1
Pavlychko Solomija Dmitrievna;Leo Tolstoy;1;1
Mejendorf Fedor Egorovich;Leo Tolstoy;1;10
Bebutov Garegin Vladimirovich;Leo Tolstoy;1;1
Leo Tolstoy;Nitsshe Fridrih;1;10
Shamov Afzal Shigabutdinovich;Leo Tolstoy;1;1
Leo Tolstoy;Anatole France;1;10
Zmora Israel';Leo Tolstoy;1;1
Osinskij Valerian Andreevich;Leo Tolstoy;1;10
Mechnikov Il'ja Il'ich;Leo Tolstoy;1;10
Tregubov Ivan Mihajlovich;Leo Tolstoy;1;10
Leo Tolstoy;Pobedonostsev Konstantin Petrovich;1;10
Ganzen Petr Gotfridovich;Leo Tolstoy;1;1
Neustroev Konstantin Gavrilovich;Leo Tolstoy;1;1
Kovachich Lojze;Leo Tolstoy;1;1
Leo Tolstoy;Men' Aleksandr Vladimirovich;1;1
Rodionov Mihail Semenovich;Leo Tolstoy;1;1
Tolstoj Petr Petrovich;Leo Tolstoy;1;10
Fedorov Nikolaj Fedorovich;Leo Tolstoy;1;10
Vahidova Mar'jam Adyevna;Leo Tolstoy;1;1
Kletochnikov Nikolaj Vasil'evich;Leo Tolstoy;1;1
Leo Tolstoy;Kovalevskij Maksim Maksimovich;1;10
Zakrevskaja Agrafena Fedorovna;Leo Tolstoy;1;10
Abgarovich Kaetan;Leo Tolstoy;1;1
Leo Tolstoy;Tolstaja Marija L'vovna;1;10
Nesterov Mihail Vasil'evich;Leo Tolstoy;1;10
Rybnikov Aleksej L'vovich;Leo Tolstoy;1;1
Jankovskij Oleg Ivanovich;Leo Tolstoy;1;1
Pendrakovskij Valerij Jur'evich;Leo Tolstoy;1;1
Leo Tolstoy;Berdjaev Nikolaj Aleksandrovich;1;10
Kulikovskij Mihail Alekseevich;Leo Tolstoy;1;1
Germanova Marija Nikolaevna;Leo Tolstoy;1;1
Paskal' Petr Karlovich;Leo Tolstoy;1;1
Gajer Svetlana;Leo Tolstoy;1;1
Dadash-zade Mamed Arif Magerram ogly;Leo Tolstoy;1;1
Danilov Mihail Viktorovich;Leo Tolstoy;1;1
Tan-Paj Jegoshua;Leo Tolstoy;1;1
Tsarev Mihail Ivanovich;Leo Tolstoy;1;1
Sulerzhitskij Leopol'd Antonovich;Leo Tolstoy;1;10
Orlenev Pavel Nikolaevich;Leo Tolstoy;1;10
Romodina Genrietta Vladimirovna;Leo Tolstoy;1;1
Jablochkina Aleksandra Aleksandrovna;Leo Tolstoy;1;1
Pasternak Boris Leonidovich;Leo Tolstoy;1;1
Mejtus Elijagu;Leo Tolstoy;1;1
Tolstoj Lev;Leo Tolstoy;1;10
Trubetskoj Dmitrij Jur'evich;Leo Tolstoy;1;10
Kekilbaev Abish Kekilbaevich;Leo Tolstoy;1;1
Odoevskij Ivan Vasil'evich;Leo Tolstoy;1;10
Solodova Elizaveta Mihajlovna;Leo Tolstoy;1;1
Buhhol'ts Horst;Leo Tolstoy;1;1
Anis'kin Pavel Sergeevich;Leo Tolstoy;1;1
Strujskij Petr Petrovich;Leo Tolstoy;1;1
Peres Shimon;Leo Tolstoy;1;1
Leo Tolstoy;Chukovskij Kornej Ivanovich;1;10
Genatulin Anatolij Jumabaevich;Leo Tolstoy;1;1
Hodasevich Vladislav Felitsianovich;Leo Tolstoy;1;1
Sopots'ko Mihail Arkad'evich;Leo Tolstoy;1;10
Gudzij Nikolaj Kallinikovich;Leo Tolstoy;1;1
Portnoj Rahmil' Markovich;Leo Tolstoy;1;1
Pokatilov Vasilij Osipovich;Leo Tolstoy;1;1
Konstantinov Konstantin Jur'evich;Leo Tolstoy;1;1
Belov Grigorij Akinfovich;Leo Tolstoy;1;1
Stolypina Marija Arkad'evna;Leo Tolstoy;1;1
Bulgakov Fedor Il'ich;Leo Tolstoy;1;10
Leo Tolstoy;Schegolenok Vasilij Petrovich;1;10
Tammsaare Anton Hansen;Leo Tolstoy;1;1
Lubov Orlova;Leo Tolstoy;1;1
Obolenskij Nikolaj Leonidovich;Leo Tolstoy;1;10
Kabanov Aleksandr Nikolaevich;Leo Tolstoy;1;1
Leo Tolstoy;Tkachev Petr Nikitich;1;1
Hariton Boris Osipovich;Leo Tolstoy;1;1
Skovoroda Grigorij Savvich;Leo Tolstoy;1;10
Parfenov Nikolaj Ivanovich;Leo Tolstoy;1;1
Bal'mont Konstantin Dmitrievich;Leo Tolstoy;1;10
Leo Tolstoy;Sytin Ivan Dmitrievich;1;10
Bolotina Anis'ja Davydovna;Leo Tolstoy;1;1
Leo Tolstoy;Vokach Aleksandr Andreevich;1;1
Grishko Jurij Dmitrievich;Leo Tolstoy;1;1
Gordon Aaron David;Leo Tolstoy;1;1
Mukushev Aleksej Konstantinovich;Leo Tolstoy;1;1
Lobanov Andrej Mihajlovich;Leo Tolstoy;1;1
Efremov Vladimir Ivanovich;Leo Tolstoy;1;1
Myshkovskaja Lija Moiseevna;Leo Tolstoy;1;1
Leo Tolstoy;Blok Zhan-Rishar;1;1
Reshetnikov Anatolij Georgievich;Leo Tolstoy;1;1
Leo Tolstoy;Tolstoj Sergej L'vovich;1;10
Gjurdzhjan Akop Markarovich;Leo Tolstoy;1;1
Kolomijtseva Anna Andreevna;Leo Tolstoy;1;1
Kozhich Vladimir Platonovich;Leo Tolstoy;1;1
Piskator Ervin;Leo Tolstoy;1;1
Kustavelle Luidzhio;Leo Tolstoy;1;1
Leo Tolstoy;Pujmanova Marija;1;1
Leo Tolstoy;Prokudin-Gorskij Sergej Mihajlovich;1;10
Gagarin Sergej Ivanovich;Leo Tolstoy;1;1
Nurpeisov Abdizhamil Karimovich;Leo Tolstoy;1;1
Ktorov Anatolij Petrovich;Leo Tolstoy;1;1
Kljukvin Aleksandr Vladimirovich;Leo Tolstoy;1;1
Inozemtsev Artem Mihajlovich;Leo Tolstoy;1;1
Noe Shpend Sollaku;Leo Tolstoy;1;1
Leo Tolstoy;Mejer Dmitrij Ivanovich;1;10
Efros Anatolij Vasil'evich;Leo Tolstoy;1;1
Juvachev Ivan Pavlovich;Leo Tolstoy;1;10
Richard Boleslawski;Leo Tolstoy;1;1
Kovalev Vladislav Antonovich;Leo Tolstoy;1;1
Treschev Grigorij Dmitrievich;Leo Tolstoy;1;1
Kovel' Valentina Pavlovna;Leo Tolstoy;1;1
Zavolokin Boris Fedorovich;Leo Tolstoy;1;1
Shilov Fedor Grigor'evich;Leo Tolstoy;1;1
Ljutse Vladimir Vladimirovich;Leo Tolstoy;1;1
Leo Tolstoy;Johann Wolfgang von Goethe;1;10
Illakovich Kazimera;Leo Tolstoy;1;1
Grossman Vasilij Semenovich;Leo Tolstoy;1;1
Leo Tolstoy;Vulf Tomas;1;1
Franzen Dzhonatan;Leo Tolstoy;1;1
Taho-Godi Alibek Alibekovich;Leo Tolstoy;1;1
Nogovitsyn Oleg Mihajlovich;Leo Tolstoy;1;1
Tsjavlovskij Mstislav Aleksandrovich;Leo Tolstoy;1;1
Lopatin Lev Mihajlovich;Leo Tolstoy;1;10
Bocharov Sergej Georgievich;Leo Tolstoy;1;1
Gajlikovskaja Ljudmila Vladimirovna;Leo Tolstoy;1;1
Jazvinskaja Irina Eduardovna;Leo Tolstoy;1;1
Strahov Nikolaj Nikolaevich;Leo Tolstoy;1;1
Koljada Nikolaj Vladimirovich;Leo Tolstoy;1;1
Leo Tolstoy;Gerasimov Sergej Apollinarievich;1;1
Nemirovich-Danchenko Vasilij Ivanovich;Leo Tolstoy;1;10
Hajrullina Roza Vakil'evna;Leo Tolstoy;1;1
Kirjushina Galina Aleksandrovna;Leo Tolstoy;1;1
Gajdeburov Pavel Pavlovich;Leo Tolstoy;1;1
Leo Tolstoy;Rozanov Vasilij Vasil'evich;1;10
Sudejkin Sergej Jur'evich;Leo Tolstoy;1;1
Pierre-Joseph Proudhon;Leo Tolstoy;1;1
Tolstoj-Miloslavskij Nikolaj Dmitrievich;Leo Tolstoy;1;1
Trubetskaja Elizaveta Esperovna;Leo Tolstoy;1;1
Tolstoj Petr Andreevich;Leo Tolstoy;1;10
Rudaks Rihard;Leo Tolstoy;1;1
Leo Tolstoy;Alexandr Ostrovsky;1;10
Marcel Proust;Leo Tolstoy;1;1
Fudzinuma Takasi;Leo Tolstoy;1;1
Pozdeev Osip Alekseevich;Leo Tolstoy;1;1
Chertkov Ivan Dmitrievich;Leo Tolstoy;1;1
Kolhieva Zamira Muratovna;Leo Tolstoy;1;1
Plastov Arkadij Aleksandrovich;Leo Tolstoy;1;1
Leo Tolstoy;Kotten Mihail Fridrihovich;1;1
Sreznevskij Vsevolod Izmailovich;Leo Tolstoy;1;1
Leo Tolstoy;Shekspir Uil'jam;1;10
Leo Tolstoy;Veresaev Vikentij Vikent'evich;1;10
Tolstoj Sergej L'vovich;Leo Tolstoy;1;10
Thomas Hardy;Leo Tolstoy;1;1
Shkapskaja Marija Mihajlovna;Leo Tolstoy;1;1
Holodnaja Vera Vasil'evna;Leo Tolstoy;1;1
Leo Tolstoy;Rainer Maria Rilke;1;10
Frej Vil'jam;Leo Tolstoy;1;10
Diterihs Mihail Konstantinovich;Leo Tolstoy;1;10
Karrik Valerij Vil'jamovich;Leo Tolstoy;1;1
Leo Tolstoy;Merezhkovskij Dmitrij Sergeevich;1;10
Jaroslavskij Emel'jan Mihajlovich;Leo Tolstoy;1;1
Zueva Anastasija Platonovna;Leo Tolstoy;1;1
Aleksandr Solzhenitsyn;Leo Tolstoy;1;1
Kydykeeva Baken;Leo Tolstoy;1;1
Leo Tolstoy;Lundkvist Artur;1;1
Bers Aleksandr Aleksandrovich;Leo Tolstoy;1;10
Mrs. Henry Wood;Leo Tolstoy;1;10
Benevskij Arkadij Semenovich;Leo Tolstoy;1;1
Orudzhev Zaid Melikovich;Leo Tolstoy;1;1
Dolgorukov Nikolaj Aleksandrovich;Leo Tolstoy;1;10
Sharapova Anna Nikolaevna;Leo Tolstoy;1;10
Dobroljubov Nikolaj Aleksandrovich;Leo Tolstoy;1;10
Midzoguti Kendzi;Leo Tolstoy;1;1
Moissi Aleksandr;Leo Tolstoy;1;1
Lebedev Nikolaj Sergeevich;Leo Tolstoy;1;1
Druzhinin Aleksandr Vasil'evich;Leo Tolstoy;1;10
Alabina Inna Il'inichna;Leo Tolstoy;1;1
Ohlopkov Igor' Jur'evich;Leo Tolstoy;1;1
Alexey Gribov;Leo Tolstoy;1;1
Lur'e Osip Davidovich;Leo Tolstoy;1;1
Leo Tolstoy;Shatskij Stanislav Teofilovich;1;1
Smirnov Valerij Alekseevich;Leo Tolstoy;1;10
Karinskij Mihail Ivanovich;Leo Tolstoy;1;1
Simonov Nikolaj Konstantinovich;Leo Tolstoy;1;1
Petrovskij Andrej Pavlovich;Leo Tolstoy;1;1
Peterson Nikolaj Pavlovich;Leo Tolstoy;1;10
Koloshin Sergej Pavlovich;Leo Tolstoy;1;10
Gintsburg Il'ja Jakovlevich;Leo Tolstoy;1;10
Mamedov Mehti Asadulla ogly;Leo Tolstoy;1;1
Gorbunov-Posadov Ivan Ivanovich;Leo Tolstoy;1;10
Nil'son Kristina;Leo Tolstoy;1;10
Doronin Vitalij Dmitrievich;Leo Tolstoy;1;1
Agureeva Polina Vladimirovna;Leo Tolstoy;1;1
Borisov Ivan Fedorovich;Leo Tolstoy;1;1
Levitskij Sergej L'vovich;Leo Tolstoy;1;10
Hmelev Nikolaj Pavlovich;Leo Tolstoy;1;1
Ushakov Sergej Petrovich;Leo Tolstoy;1;10
Bruno Frejndlikh;Leo Tolstoy;1;10
Pogadaev Viktor Aleksandrovich;Leo Tolstoy;1;1
Poljakov Leon;Leo Tolstoy;1;1
Kuz'min Nikolaj Vasil'evich;Leo Tolstoy;1;1
Furmanov Rudol'f Davydovich;Leo Tolstoy;1;1
Malahieva-Mirovich Varvara Grigor'evna;Leo Tolstoy;1;10
Sirota Roza Abramovna;Leo Tolstoy;1;1
Leo Tolstoy;Nikolai Gogol;1;10
Lodyzhenskij Mitrofan Vasil'evich;Leo Tolstoy;1;1
Zaslavskij David Iosifovich;Leo Tolstoy;1;1
Popov Evgenij Ivanovich;Leo Tolstoy;1;10
Félix Vallotton;Leo Tolstoy;1;1
Leo Tolstoy;Heminguej Ernest;1;1
Koval'chuk Anna Leonidovna;Leo Tolstoy;1;1
Leo Tolstoy;Dudko Mihail Dmitrievich;1;1
Vagarshjan Vagarsh Bogdanovich;Leo Tolstoy;1;1
Leo Tolstoy;Katkov Mihail Nikiforovich;1;10
Ahsharumov Nikolaj Dmitrievich;Leo Tolstoy;1;10
Karamzin Nikolaj Mihajlovich;Leo Tolstoy;1;10
Atazhukin Kazi Musabievich;Leo Tolstoy;1;1
Konkka Juhani;Leo Tolstoy;1;1
Makovitskij Dushan Petrovich;Leo Tolstoy;1;10
Leo Tolstoy;Suhotina-Al'bertini Tat'jana Mihajlovna;1;1
Leo Tolstoy;Bernard Shaw;1;10
Ligers Roberts;Leo Tolstoy;1;1
Baratynskij Lev Andreevich;Leo Tolstoy;1;10
Davidovich Arkadij Filippovich;Leo Tolstoy;1;1
Jakunin Sergej Aleksandrovich;Leo Tolstoy;1;1
Toro Genri Devid;Leo Tolstoy;1;10
Leo Tolstoy;Florovskij Georgij Vasil'evich;1;1
Honina Naina Vladimirovna;Leo Tolstoy;1;1
Levit Iezikiil;Leo Tolstoy;1;10
Levenfel'd Rafael';Leo Tolstoy;1;10
Spivak Itshak;Leo Tolstoy;1;1
Artmane Vija Fritsevna;Leo Tolstoy;1;1
Kavalerovich Ezhi;Leo Tolstoy;1;1
Pastrana Julija;Leo Tolstoy;1;10
Tolstoj Fedor Ivanovich;Leo Tolstoy;1;10
Agap'eva Natalija Nikolaevna;Leo Tolstoy;1;1
Shmakov Fedor Ivanovich;Leo Tolstoy;1;1
Makevoj Dzhejms;Leo Tolstoy;1;1
Dil'bazi Mirvarid Pasha kyzy;Leo Tolstoy;1;1
Ivanchenko Aleksandr L'vovich;Leo Tolstoy;1;1
Leo Tolstoy;Lenin Vladimir Il'ich;1;10
Tatarinov Fedor Vasil'evich;Leo Tolstoy;1;1
Golubovich Vasilij Vasil'evich;Leo Tolstoy;1;1
Vejss Frantsisk Rodol'f;Leo Tolstoy;1;10
Grushetskij Vjacheslav Petrovich;Leo Tolstoy;1;10
Ignat'ev Nikon Vasil'evich;Leo Tolstoy;1;1
Mengden Mihail Aleksandrovich;Leo Tolstoy;1;1
Mel'nikov Valentin Viktorovich;Leo Tolstoy;1;1
Ahsharumov Vladimir Dmitrievich;Leo Tolstoy;1;10
Leo Tolstoy;Nikolai Leskov;1;10
Nurmi Paavo;Leo Tolstoy;1;1
Krejtsums Rudol'f;Leo Tolstoy;1;1
Leo Tolstoy;Grushetskij Vasilij Vladimirovich;1;1
Olsuf'ev Dmitrij Adamovich;Leo Tolstoy;1;10
Fernandes Dominik;Leo Tolstoy;1;1
Leo Tolstoy;Houells Uil'jam Din;1;10
Shahovskoj Dmitrij Ivanovich;Leo Tolstoy;1;10
Lisenko Natal'ja Andrianovna;Leo Tolstoy;1;1
Priemyhov Valerij Mihajlovich;Leo Tolstoy;1;1
Mescherskaja Ekaterina Nikolaevna;Leo Tolstoy;1;1
Lebzak Ol'ga Jakovlevna;Leo Tolstoy;1;1
Tronin Vasilij Arkad'evich;Leo Tolstoy;1;1
Hrapchenko Mihail Borisovich;Leo Tolstoy;1;1
Russel' Al'ber;Leo Tolstoy;1;1
Ezepov Vjacheslav Ivanovich;Leo Tolstoy;1;1
Leo Tolstoy;Pierre-Joseph Proudhon;1;1
Lozitskaja Ljudmila Alekseevna;Leo Tolstoy;1;1
Obolenskij Dmitrij Dmitrievich;Leo Tolstoy;1;10
Binshtok Vladimir L'vovich;Leo Tolstoy;1;1
Litvinova Ajvi Val'terovna;Leo Tolstoy;1;1
Kol'tsov Jurij Ernestovich;Leo Tolstoy;1;1
Shekspir Uil'jam;Leo Tolstoy;1;10
Leo Tolstoy;Vas'kin Aleksandr Anatol'evich;1;1
Bikbulatova Zajtuna Islamovna;Leo Tolstoy;1;1
Kadlubovskij Arsenij Petrovich;Leo Tolstoy;1;1
Zagvozdkina Iustina Ivanovna;Leo Tolstoy;1;1
Ge Nikolaj Nikolaevich;Leo Tolstoy;1;10
Malov Arkadij Vasil'evich;Leo Tolstoy;1;1
Snezhina Tat'jana Valer'evna;Leo Tolstoy;1;1
Leo Tolstoy;Jean-Jacques Rousseau;1;10
Leo Tolstoy;Stolypin Petr Arkad'evich;1;10
Glikman Isaak Davydovich;Leo Tolstoy;1;1
Prokof'ev Sergej Sergeevich;Leo Tolstoy;1;1
Stanjuta Aleksandr Aleksandrovich;Leo Tolstoy;1;1
Apraksin Vladimir Stepanovich;Leo Tolstoy;1;1
Engel'gardt Mihail Aleksandrovich;Leo Tolstoy;1;10
Gol'denvejzer Lev Vladimirovich;Leo Tolstoy;1;1
Dahnenko Vasilij Vladimirovich;Leo Tolstoy;1;1
Zverev Nikolaj Andreevich;Leo Tolstoy;1;10
Heinrich Zschokke;Leo Tolstoy;1;10
Vestdejk Simon;Leo Tolstoy;1;1
Fisher Karl Andreevich;Leo Tolstoy;2;1
Katkov Mihail Nikiforovich;Leo Tolstoy;1;10
Kostetskij Vladimir Nikolaevich;Leo Tolstoy;1;10
Nadzhmi Kavi Gibjatovich;Leo Tolstoy;1;1
Zhzhenov Georgij Stepanovich;Leo Tolstoy;1;1
Andrusjak Ivan Mihajlovich;Leo Tolstoy;1;1
Rytheu Jurij Sergeevich;Leo Tolstoy;1;1
Neznamova Nina Fateevna;Leo Tolstoy;1;1
Andreevskaja Varvara Pavlovna;Leo Tolstoy;1;1
Boris Shcherbakov;Leo Tolstoy;1;1
Gusev Nikolaj Nikolaevich;Leo Tolstoy;1;10
Nazarenko Dmitrij Illarionovich;Leo Tolstoy;1;1
Esenin Sergej Aleksandrovich;Leo Tolstoy;1;1
Leo Tolstoy;Frank Norris;1;1
Uhtomskij Esper Esperovich;Leo Tolstoy;1;10
Mogilevskaja Sof'ja Abramovna;Leo Tolstoy;1;1
Konstantinov Konstantin Ivanovich;Leo Tolstoy;1;10
Usov Sergej Alekseevich;Leo Tolstoy;1;10
Parakon'ev Konstantin Iosifovich;Leo Tolstoy;1;1
Stefan Zweig;Leo Tolstoy;1;1
Eleonskij Nikolaj Aleksandrovich;Leo Tolstoy;1;1
Shishkov Matvej Andreevich;Leo Tolstoy;1;1
Hamidov Abdul-Hamid Hamidovich;Leo Tolstoy;1;1
Uvarova Praskov'ja Sergeevna;Leo Tolstoy;1;10
Ash Sholom;Leo Tolstoy;1;1
Gorchakova Elena Sergeevna;Leo Tolstoy;1;10
Krasko Ivan Ivanovich;Leo Tolstoy;1;1
Hir'jakov Aleksandr Modestovich;Leo Tolstoy;1;10
Zarin'sh Marger Ottovich;Leo Tolstoy;1;1
King Martin Ljuter;Leo Tolstoy;1;1
Leo Tolstoy;Jakimah Aleksej Abramovich;1;10
Ignatov Il'ja Nikolaevich;Leo Tolstoy;1;10
Leo Tolstoy;Ludwig van Beethoven;1;10
Mart'janov Mihail Aleksandrovich;Leo Tolstoy;1;1
Svobodin Pavel Matveevich;Leo Tolstoy;1;10
Chehankov Fedor Jakovlevich;Leo Tolstoy;1;1
Jur'ev Sergej Andreevich;Leo Tolstoy;1;10
Leo Tolstoy;Ivan Aleksandrovich Goncharov;1;10
Nostits Grigorij Ivanovich;Leo Tolstoy;1;10
Klimova Aleksandra Ivanovna;Leo Tolstoy;1;1
Stepanova Angelina Iosifovna;Leo Tolstoy;1;1
Zerkalova Dar'ja Vasil'evna;Leo Tolstoy;1;1
Tamen Pedru;Leo Tolstoy;1;1
Volkov Nikolaj Dmitrievich;Leo Tolstoy;1;1
Sjutaev Vasilij Kirillovich;Leo Tolstoy;1;10
Korshunov Aleksandr Viktorovich;Leo Tolstoy;1;1
L'vov Evgenij Vladimirovich;Leo Tolstoy;1;10
Gorskij Aleksandr Konstantinovich;Leo Tolstoy;1;1
Passek Evgenij Vjacheslavovich;Leo Tolstoy;1;1
Kansinos-Assens Rafael';Leo Tolstoy;1;1
Janghazbend Frensis;Leo Tolstoy;1;1
Istomin Vladimir Konstantinovich;Leo Tolstoy;1;10
Pomjanovskij Ezhi;Leo Tolstoy;1;1
Jashvil' Vladimir Vladimirovich;Leo Tolstoy;1;1
Knjazev Evgenij Vladimirovich;Leo Tolstoy;1;1
Kundzich Aleksej Leonardovich;Leo Tolstoy;1;1
Vahterov Aleksandr Konstantinovich;Leo Tolstoy;1;1
Kirsha Faustas;Leo Tolstoy;1;1
Zavadovskaja Vera Nikolaevna;Leo Tolstoy;1;1
Arapova Aleksandra Petrovna;Leo Tolstoy;1;10
Repin Il'ja Efimovich;Leo Tolstoy;1;10
Eversa Datse;Leo Tolstoy;1;1
Aksakov Sergej Timofeevich;Leo Tolstoy;1;10
Leo Tolstoy;Georgii Valentinovich Plekhanov;1;1
Durov Lev Konstantinovich;Leo Tolstoy;1;1
Voronovich Aleksandra Petrovna;Leo Tolstoy;1;1
Danilevskij Grigorij Petrovich;Leo Tolstoy;1;10
Ralph Waldo Emerson;Leo Tolstoy;1;10
Jasinskij Ieronim Ieronimovich;Leo Tolstoy;1;10
Naryshkin Konstantin Pavlovich;Leo Tolstoy;1;1
Abraham Dzheral'd;Leo Tolstoy;1;1
Gurevich Moisej Vul'fovich;Leo Tolstoy;1;1
Parhomenko Ivan Kirillovich;Leo Tolstoy;2;10
Lazarev Aleksandr Sergeevich;Leo Tolstoy;1;1
Kutepov Aleksandr Jakovlevich;Leo Tolstoy;1;1
Rainer Maria Rilke;Leo Tolstoy;1;10
Paul Hervieu;Leo Tolstoy;1;1
Gunchenko Antonina Vasil'evna;Leo Tolstoy;1;1
Yuri Chernov;Leo Tolstoy;1;1
Kramov Aleksandr Grigor'evich;Leo Tolstoy;1;1
Kirov Sergej Mironovich;Leo Tolstoy;1;1
Ivanova Ol'ga Vladimirovna;Leo Tolstoy;1;1
Sofronov Anempodist Ivanovich;Leo Tolstoy;1;1
Obuhova Varvara Aleksandrovna;Leo Tolstoy;1;1
Erdeli Ivan Georgievich;Leo Tolstoy;1;10
Evstigneev Evgenij Aleksandrovich;Leo Tolstoy;1;1
Marsden Ket;Leo Tolstoy;1;1
Klimov Mihail Mihajlovich;Leo Tolstoy;1;1
Leo Tolstoy;Robert Schumann;1;1
Golitsyna Varvara Vasil'evna;Leo Tolstoy;2;10
Vorontsov Semen Mihajlovich;Leo Tolstoy;1;10
Mihajlovskij Nikolaj Konstantinovich;Leo Tolstoy;1;10
Kazembek Aleksandr Kasimovich;Leo Tolstoy;1;1
Mikhail Yefremov;Leo Tolstoy;1;10
Bajkovskij Efim Itskovich;Leo Tolstoy;1;1
Rod Eduar;Leo Tolstoy;1;10
Tolstoj Lev Nikolaevich;Leo Tolstoy;1;10
Mordinov Nikolaj Egorovich;Leo Tolstoy;1;1
Binkis Kazis;Leo Tolstoy;1;1
Bojd Brajan;Leo Tolstoy;1;1
Shmarinov Dementij Alekseevich;Leo Tolstoy;1;1
Kuzminskaja Tat'jana Andreevna;Leo Tolstoy;1;10
Filipp Sharl'-Lui;Leo Tolstoy;1;1
Shtefanik Milan Rastislav;Leo Tolstoy;1;1
Il'inskij Igor' Aleksandrovich;Leo Tolstoy;1;1
Knizhnik-Vetrov Ivan Sergeevich;Leo Tolstoy;1;10
Leo Tolstoy;John Galsworthy;1;1
Stahovich Sof'ja Aleksandrovna;Leo Tolstoy;1;10
Davydov Oleg Viktorovich;Leo Tolstoy;1;1
Leo Tolstoy;Benjamin Franklin;1;10
Okutjur'e Mishel';Leo Tolstoy;1;1
Leo Tolstoy;Tolstaja Aleksandra L'vovna;1;10
Tarhanov Mihail Mihajlovich;Leo Tolstoy;1;1
Vronskij Vasilij Mihajlovich;Leo Tolstoy;1;1
Zom Rudol'f;Leo Tolstoy;1;1
Merkurov Sergej Dmitrievich;Leo Tolstoy;1;1
Apinis Artur Petrovich;Leo Tolstoy;1;1
Rjumin Nikolaj Gavrilovich;Leo Tolstoy;1;10
Pitol' Serhio;Leo Tolstoy;1;1
Janko Mihail Leonidovich;Leo Tolstoy;1;1
Kravchenko Vitalij Vasil'evich;Leo Tolstoy;1;1
Anzimirov Vladimir Aleksandrovich;Leo Tolstoy;1;10
Ermilov Vladimir Vladimirovich;Leo Tolstoy;1;1
Lanzheron Aleksandr Fedorovich;Leo Tolstoy;1;10
Morozov Nikolaj Aleksandrovich;Leo Tolstoy;1;10
Roland Holst Genrietta;Leo Tolstoy;1;1
Ekzempljarskij Vasilij Il'ich;Leo Tolstoy;1;10
Rachinskij Sergej Aleksandrovich;Leo Tolstoy;1;10
Juhananov Boris Jur'evich;Leo Tolstoy;1;1
Vorontsov Mihail Semenovich;Leo Tolstoy;1;10
Vagner Nikolaj Petrovich;Leo Tolstoy;1;10
Bram Otto;Leo Tolstoy;1;1
Turgenev Aleksandr Mihajlovich;Leo Tolstoy;1;10
Lur'e Jakov Solomonovich;Leo Tolstoy;1;н